Actual,Predicted,Predicted_Class
0,-1.0213081715003471,-1
0,-0.8888023753260166,-1
1,1.0460764614214608,1
0,-0.9885463210038412,-1
0,-1.0381445226534907,-1
0,-0.9059816966323694,-1
1,-0.8699875794179349,-1
0,-0.8209922660826163,-1
0,-0.8409422556691839,-1
0,-0.4667413612909865,-1
1,0.8998873062179723,1
1,0.6749976433199115,1
0,-0.8638140469984665,-1
0,-0.9226491412872753,-1
0,-0.7578723044203665,-1
0,-0.9870921286803176,-1
0,0.009812668635589383,1
0,-0.9164010637512247,-1
1,0.0025344278886986205,1
0,-0.6464565391372155,-1
0,-0.20108290839455978,-1
1,-0.1535693992790651,-1
0,-0.9422567306035122,-1
0,-0.8611142854888035,-1
0,-0.8465243328314742,-1
0,-0.9107936030143325,-1
1,-0.728873850235896,-1
0,-0.9393663443820977,-1
0,-0.7132818849634074,-1
0,-0.9605282768791282,-1
0,-0.9802735497652666,-1
1,0.3681865722525449,1
0,-0.8002699099977222,-1
1,-0.599733473849213,-1
0,-0.8896679289475093,-1
0,-0.964809867481365,-1
0,-0.7111773114856788,-1
0,-0.21785497593729203,-1
0,-0.9307763418260011,-1
0,-0.7619566283163103,-1
0,-1.0029863047469219,-1
0,-1.1262222790091978,-1
1,-0.0792661272669607,-1
1,-0.9293333725876127,-1
0,-0.8523919904309903,-1
0,-0.7751454830728839,-1
0,-0.7268891507664312,-1
1,0.16568872934404089,1
0,-0.9899796256394282,-1
0,0.22922688799388702,1
0,-0.935235942389279,-1
0,-0.9546710565365931,-1
0,-0.9568147136543013,-1
1,0.7120502338585607,1
0,-0.921499959718986,-1
0,-0.8450593568573546,-1
0,-0.935850695562307,-1
0,-0.4387747972505911,-1
0,-1.034371579798978,-1
1,-0.7390988567961858,-1
1,0.36533273531427113,1
1,-0.6527954636676211,-1
1,0.86524059851657,1
0,-1.0699224818507589,-1
0,-1.0416699705265873,-1
0,-0.8914126408850402,-1
0,-1.0216956171602893,-1
0,-0.9314385839025969,-1
0,-0.954736881726512,-1
0,-0.8176857520910489,-1
0,-0.8618515997536806,-1
0,-0.5850475502603368,-1
0,-1.0505122257459285,-1
0,-0.5763607336857286,-1
0,-0.7862052111817157,-1
0,-0.9967514158899656,-1
0,-0.9026218129366992,-1
0,-0.9992208408149482,-1
0,-0.9218803038619614,-1
0,-0.9746741120381319,-1
0,-0.7543057972440168,-1
1,1.1833739532230467,1
0,-0.2965038336776956,-1
0,-0.6973155535285828,-1
0,-1.1033337295386354,-1
0,-0.9459364502283953,-1
0,-0.477358590405424,-1
0,-0.880941496183072,-1
1,-0.8454221227091219,-1
0,-0.9574771561096924,-1
0,-0.8428124451058658,-1
1,-0.19796582636742932,-1
0,-0.9899481513234377,-1
0,-0.7642484439134729,-1
0,-0.9511345252842052,-1
0,-0.8840715606198706,-1
0,-0.7548293324606947,-1
0,-0.4022517235066716,-1
0,-0.5240661974162166,-1
0,-0.884582415470748,-1
0,-0.6867084657210902,-1
0,-0.8334005332558785,-1
0,-0.9799491475001475,-1
0,-0.9569670476287699,-1
0,-0.6753001618835395,-1
0,-0.8199857550477174,-1
0,-1.0825886860236893,-1
0,-0.8915372265813479,-1
0,-0.898237394464556,-1
0,-0.7462829440074035,-1
0,-0.9530334563266649,-1
0,-0.5490070097798134,-1
0,-0.8296182744045173,-1
0,-0.13702818783175352,-1
0,-0.8909007563312089,-1
0,-0.29850855456495473,-1
0,-0.7923239090274652,-1
0,-1.1087958200341572,-1
1,-0.7144011480927914,-1
1,1.4904885058232442,1
0,-1.0373844984687155,-1
0,0.13250956801622993,1
0,-1.0630848364162655,-1
0,-0.7062650305384108,-1
0,-0.9922004651895464,-1
0,-0.9699864767807957,-1
0,-0.867314068832928,-1
0,-1.0049255946853048,-1
0,-0.9304642488896441,-1
0,-0.9726593806243594,-1
0,-0.9616688755060282,-1
0,-0.668821132751511,-1
0,-0.809666739596296,-1
0,-0.9371172585283352,-1
0,-0.9890494321827688,-1
1,-0.24074717251638084,-1
0,-0.44186075533219993,-1
0,-0.9772614759970171,-1
0,-0.871558422655424,-1
0,-0.932307948010817,-1
0,-0.8684231560904541,-1
0,-0.8283179424303811,-1
0,-0.9566630172668549,-1
0,-1.019246655314582,-1
0,-0.8605012393075517,-1
0,0.15350740323411993,1
0,-0.8841117926437847,-1
0,-0.8745835576590628,-1
0,-0.815270687109025,-1
0,-0.6550797326358699,-1
1,-1.0987639552252855,-1
0,-0.9734842033529556,-1
0,-0.9444291713359646,-1
1,-0.9145980853024608,-1
0,-1.0320410290023996,-1
0,-0.8038678216413876,-1
0,-0.9665984939935941,-1
0,-0.8330350147379156,-1
0,-0.9890557196993168,-1
0,-0.9156009518501163,-1
1,-0.25067062503806653,-1
0,-1.2934551889661123,-1
0,-0.8438262160441656,-1
0,-0.8461191816802489,-1
0,-1.3345733942397626,-1
0,0.0766991669453968,1
0,-0.7680627048415366,-1
1,0.39199488051809117,1
0,-0.6230520639877696,-1
0,-0.9224209989288907,-1
0,-0.9790036392508655,-1
0,-0.8113496235362596,-1
0,-0.7850602789104721,-1
0,-0.9233920034480505,-1
0,-0.8501595786270559,-1
0,-0.6084773282304443,-1
1,0.5805634092308815,1
0,-0.697285692144736,-1
1,1.0462253033190065,1
1,-0.49210068625210523,-1
0,-0.9475458319331715,-1
0,-1.0292208517890038,-1
0,-0.9875973667764837,-1
0,-1.0075146657089982,-1
0,-0.7777335667084855,-1
0,-0.7701364723917951,-1
0,-0.6452771382457592,-1
0,-0.839619562387345,-1
0,-0.78038698359875,-1
0,-0.9192979968123935,-1
0,-0.8644658894253112,-1
0,-0.9151523050454509,-1
1,-0.32567413865624306,-1
0,-0.8819445991783734,-1
1,0.3963115295930896,1
0,-1.09321401408838,-1
0,-0.7172949531626892,-1
0,-0.7892815106114968,-1
0,-0.5497113292517994,-1
0,-0.530723516302208,-1
0,-1.1632237400864214,-1
0,-0.9295099070008317,-1
1,0.9427410975055336,1
1,-0.4844921235387724,-1
0,-0.9041531244898857,-1
0,-1.0205013812494292,-1
1,-0.8357251080714141,-1
0,-0.4892542612137981,-1
0,-1.0419595940052866,-1
0,-0.9868250274815389,-1
0,-0.8929553501586749,-1
0,-0.7910843232894949,-1
0,-0.715516753139234,-1
0,-0.8900564927513839,-1
0,-1.0531249535219267,-1
1,0.4970723104163076,1
0,-0.7898771145926831,-1
0,-0.9452733819718464,-1
0,-0.7405926146715429,-1
0,-0.8040360753647018,-1
0,-0.8867904200716906,-1
1,-0.6119031358416284,-1
0,-0.7595178501150415,-1
0,-0.6645695102879681,-1
0,-0.8958367878983198,-1
0,-0.803432922324777,-1
0,-1.0504184041925875,-1
0,-0.7550222983632006,-1
0,-0.9586524963231458,-1
0,-0.9721304563656848,-1
0,-0.7476666862805369,-1
0,-0.7909114189347495,-1
0,-0.8277348348028688,-1
0,-0.9652430852877895,-1
0,-0.4402662354856127,-1
0,-0.8548604973786065,-1
0,-0.2839676458442574,-1
0,-0.3034959431150585,-1
0,-0.9830846498041093,-1
0,-0.9107427266437733,-1
0,-0.9369027286185222,-1
0,-0.46791099770515787,-1
0,-0.7776379780295464,-1
0,-0.8922445200901535,-1
0,-0.9946041327345492,-1
1,-0.3040251780491131,-1
1,-0.5526829367902423,-1
0,-0.7038980078641418,-1
0,-0.7520181515025193,-1
0,-0.837208756555917,-1
0,-0.6888580252856668,-1
0,-0.6895026898004342,-1
0,-0.7762978354885242,-1
0,-0.9580288623859456,-1
0,-0.9768991723731825,-1
0,-0.8821279865924516,-1
0,-0.8852409049985501,-1
0,-0.76705212852695,-1
0,-0.8171215816518371,-1
1,-0.7917209403750259,-1
0,-0.9896717285195993,-1
0,-0.20001190185517953,-1
1,-0.6056317495485092,-1
0,-0.9933911808308671,-1
1,0.0013859322145558517,1
0,-0.820985632615673,-1
0,-0.9443046949290292,-1
0,-0.926445583112417,-1
0,-0.8346150871351364,-1
0,-0.8631028592721623,-1
0,-0.6887107211255334,-1
0,-0.9418202434761737,-1
0,-0.6058128259565353,-1
1,-0.6904289800040343,-1
0,-1.1207621153668503,-1
0,-0.8984666597238382,-1
1,0.13192994175568018,1
0,-0.8073090034256052,-1
0,-0.7859201127244247,-1
0,-1.0752727891732015,-1
0,-0.42672843111555525,-1
0,-0.9636681266963654,-1
0,-0.985919152866308,-1
1,0.2749301369973961,1
0,-1.0408987331416393,-1
1,-0.5610782388009543,-1
0,-0.732459194878744,-1
0,-0.9685386257876338,-1
1,0.17560744473045353,1
0,-1.012790292475937,-1
0,-0.8942239047214987,-1
0,-0.9986846552709308,-1
0,-0.900936374894996,-1
0,-0.6045520282722414,-1
0,-0.9118082327885818,-1
0,-1.042222183806606,-1
1,1.2786260828760923,1
1,-0.29708574098910057,-1
1,0.33801691194511707,1
0,-0.9846799193757035,-1
0,-0.42042813429930737,-1
0,-0.8570419699133556,-1
0,-1.0964716723516899,-1
1,-0.23572203283764104,-1
0,-1.2598453548809971,-1
0,-0.9916477841779354,-1
0,-1.0333389359848426,-1
1,1.355667827132443,1
0,-0.955767184568065,-1
0,-0.8952779818659584,-1
0,-0.8998442847629997,-1
0,-0.2819315181508313,-1
0,-0.782516135368776,-1
0,-0.9670731609604909,-1
0,-0.9459058288836473,-1
0,-0.9423052590530954,-1
0,0.312876968524883,1
1,-0.7795977162434817,-1
0,-0.959567258799137,-1
1,0.009476968383808959,1
0,-0.9163060179459318,-1
0,-0.9345102662221203,-1
0,-0.9847183194402223,-1
1,-0.3950476159257848,-1
0,-0.9610171346776573,-1
0,-0.9419316038073521,-1
0,-0.9199638200184131,-1
0,-0.9793992147627704,-1
0,-1.0011064286206457,-1
0,-0.9764126166475308,-1
0,-0.5594875400903109,-1
0,-0.9010599350424919,-1
0,-0.9671357048753904,-1
0,-0.8928024903590448,-1
0,-0.8959912596359161,-1
0,-0.8389157228771571,-1
0,-0.7309604394131366,-1
0,-0.5214813307199528,-1
0,-0.8204831226009754,-1
0,-0.9958788210977615,-1
0,-0.010556927703620933,-1
0,-1.6629851126516555,-1
0,-0.9008141936334024,-1
0,-0.877173588529261,-1
0,-0.8686966813576229,-1
0,-0.8391368252473157,-1
0,-0.8910466747603913,-1
0,-0.5614442028479025,-1
0,-0.876797858008554,-1
0,-0.8715257948977466,-1
0,-0.5827575305494674,-1
0,-0.7936445890992693,-1
1,-0.4363628886676275,-1
0,-0.8866872739260597,-1
0,-0.6832945214064707,-1
0,-0.7320649592448631,-1
0,-0.6026259093737943,-1
0,-0.729140127047749,-1
0,-0.9362607985117253,-1
0,-0.9234884198392194,-1
0,-0.95626443412434,-1
0,-1.080073566721536,-1
1,-0.2890960510214776,-1
0,-0.8991304468745016,-1
0,-0.5468553998247744,-1
0,0.08183811152084897,1
0,-0.8973452157692066,-1
1,0.2191622264868891,1
0,-0.952495133022696,-1
0,-0.9165821756577047,-1
0,-1.0535385930273025,-1
0,-0.9553893813787722,-1
0,-0.853988794351019,-1
0,-0.8799834209467366,-1
0,-0.7641699199608529,-1
0,-1.0124370612769,-1
0,-0.8037703956098492,-1
0,-0.7593959416369989,-1
0,-0.9708053295028776,-1
0,-0.36936849156537876,-1
0,-0.8188261574199904,-1
0,-0.8476163903093614,-1
1,0.06299835488962513,1
0,-0.8369573231292837,-1
0,0.19881010916485986,1
0,-1.054109732378628,-1
0,-0.9300013781189775,-1
0,-0.9537110416706452,-1
1,-0.046585521210382286,-1
1,0.027277164732612547,1
0,-0.7499633778253254,-1
0,-0.9243098859743886,-1
0,-0.793262007121873,-1
0,-0.8217509648410488,-1
0,-0.8981766372327317,-1
0,-0.8895033988012393,-1
1,-0.2790137787561599,-1
0,-0.7064835327527018,-1
0,-0.11216617461804734,-1
1,-0.4901057509099368,-1
1,0.8331339658564493,1
0,-1.0046367169671815,-1
1,0.027403464730512694,1
0,-0.9042135584194637,-1
0,-0.9314137016479005,-1
1,0.16056189815810906,1
0,-0.8514972131236003,-1
0,-0.8495485158306001,-1
0,-0.8605250488494847,-1
0,-0.6362539608780245,-1
0,-0.684638289116551,-1
0,-0.9687512515159227,-1
0,-0.9730477879909426,-1
1,0.7195282403188598,1
0,-0.6694189211455377,-1
0,-0.8029671393352804,-1
0,-1.0122251431831877,-1
1,-0.021667659183848165,-1
0,-0.9079547359162972,-1
0,-0.7735029464128278,-1
0,-0.7500487985768827,-1
0,-0.7399963643714071,-1
0,-1.010050687368488,-1
0,-0.9839822806263878,-1
0,-0.9885803971782046,-1
0,-0.8683395994998172,-1
0,-0.9350516428127897,-1
0,-0.7449226089188794,-1
0,-0.046779819536769685,-1
0,-0.7281559266585669,-1
0,-0.9049992045439004,-1
0,-0.9175729921443758,-1
0,-1.056216660599333,-1
0,-0.8542646512078651,-1
0,-0.9345296332130275,-1
0,-0.26368044674709623,-1
0,-1.0116924921662622,-1
0,-0.9923776665563999,-1
0,-0.6922679506919933,-1
1,0.39330238801906436,1
0,-0.9337942678863691,-1
0,-0.9488456228833906,-1
0,-0.6341386156761727,-1
0,-0.8558152082434571,-1
0,-0.7262460171092522,-1
0,-0.759762781551446,-1
0,-0.9234924145757306,-1
1,0.034212373000640395,1
1,0.8903709335372897,1
0,-1.0103747799421587,-1
0,-1.1158422450118919,-1
0,-1.0627701414591977,-1
0,-0.9939464460540626,-1
0,-0.674587979986293,-1
0,-0.9698322842744018,-1
1,-0.828751301307094,-1
0,-0.8646485717479439,-1
0,-0.7672797671043267,-1
0,-0.9468609625253954,-1
0,-1.1377288402595993,-1
1,0.07498914961872183,1
1,-0.19835510837153325,-1
0,-0.6635027979499036,-1
0,-0.9888259965517276,-1
0,-0.8641078708954271,-1
0,-0.55018144884862,-1
1,-0.1832328648533118,-1
0,-0.6854706527277507,-1
0,-0.9241871436225307,-1
0,-0.588911051828897,-1
0,-0.8483922547489149,-1
0,-0.9324311217288592,-1
0,-0.6268117610695344,-1
0,0.43996621059637453,1
0,-0.2996721825211891,-1
0,-0.732794228706698,-1
0,-0.7403419555322718,-1
0,-0.6501160786057982,-1
0,-0.8995844847619462,-1
0,-0.9846799193757035,-1
1,-0.5615045923376829,-1
0,-0.928629907934841,-1
0,-0.9182875351933404,-1
0,-0.9501256334059607,-1
0,-0.9001781316389807,-1
0,-0.8957748481225805,-1
0,-0.7913457685695127,-1
0,-0.700177979378353,-1
0,-0.877957323046693,-1
0,-0.7747395540778134,-1
0,-0.8097762331358401,-1
0,-0.8678685722138675,-1
0,-0.9966800575550857,-1
0,-1.0779471937699852,-1
1,0.4441754901468554,1
0,-0.3633010332517902,-1
0,-0.981590964930024,-1
0,-1.0423804991067849,-1
1,-0.7453035960021276,-1
1,0.6329744536223066,1
1,-0.16287688735182804,-1
0,-0.8588194589391318,-1
0,-0.9026481671280395,-1
0,-1.0435888770735566,-1
0,0.2630827429543293,1
1,0.033901685333238674,1
0,-0.9998670685818746,-1
0,-0.781669932108285,-1
0,-0.7588794695596923,-1
0,-0.6461666358023266,-1
0,-0.572080520180061,-1
0,-1.012711251708419,-1
1,-0.7645767662041538,-1
0,-1.0009746307578546,-1
1,-0.7735672598692485,-1
1,-0.2232054140577191,-1
0,-1.10136692076236,-1
0,-0.6586455814307968,-1
0,-0.8177579843387817,-1
0,-0.6058132720585325,-1
1,0.16143869633638586,1
0,-1.0854050415285608,-1
0,-0.8890826522131229,-1
0,-0.694505803462231,-1
0,-0.7960481367848795,-1
0,-0.07542186233048065,-1
0,-0.990933620493265,-1
0,-0.8446554133482884,-1
0,-0.8709269481879788,-1
0,-1.0716485134436082,-1
1,0.35196807892278825,1
0,-1.0224513630533272,-1
0,-0.6734631231407552,-1
1,-0.34792167530701723,-1
0,-0.7740336627701985,-1
0,-1.0001157244834464,-1
0,-0.8472119424082778,-1
0,-0.9128775748311508,-1
0,-0.9904237074746884,-1
0,-0.9480050190985254,-1
0,-0.7869314171871955,-1
0,-0.95659433778383,-1
1,0.6951109185194905,1
0,-0.7651423406341197,-1
1,-0.5643076730893217,-1
0,-0.8101476458262644,-1
0,-1.0297982235682874,-1
0,-1.0260772776114258,-1
0,-0.790216732752531,-1
0,-1.0202268984731826,-1
0,-0.6972583589095716,-1
1,-0.6345497272665928,-1
0,-0.9396992332653383,-1
0,-0.3979875347036966,-1
0,-0.3561554368210923,-1
0,-0.6409150060472817,-1
0,-0.853299672311832,-1
0,-0.9931076242488585,-1
0,-0.9551019199350285,-1
1,-0.28103886102499454,-1
0,-0.8576479021603247,-1
0,-0.8610459958141329,-1
0,-1.0109863254696791,-1
0,-1.6260127535391424,-1
0,-0.9333404832609258,-1
1,0.14920415077641025,1
0,-0.9644761989628533,-1
0,-0.9498554745588024,-1
1,-0.7788045213358273,-1
0,-0.08928406563672742,-1
0,-0.9632666390452395,-1
0,-0.186475660825334,-1
0,-1.1051501739190424,-1
1,-0.6465642489538296,-1
0,-0.7026596702180269,-1
0,-0.9729519228760706,-1
0,-1.0394744995060625,-1
0,-0.48936994403068446,-1
1,-0.8342026997929273,-1
0,-0.9866278593306547,-1
0,-0.3184258504689511,-1
1,-0.007109860200283369,-1
0,-0.5210252726973383,-1
0,-0.9322482387946746,-1
0,-0.7005565487796486,-1
0,-0.8897651788324714,-1
0,-1.0197206428010388,-1
1,-0.6188561258374834,-1
0,-0.7532967125532555,-1
0,-0.9614757543988649,-1
0,-0.7112207158196431,-1
0,-0.9035953567006112,-1
0,-0.6589405983934415,-1
0,-0.9649899751861816,-1
0,-0.9628564912712982,-1
0,-0.2968089115072835,-1
0,-1.021663177166735,-1
0,-0.06008602505989313,-1
1,-0.6034806833009202,-1
0,-1.0149224120449505,-1
0,-0.7664908081629973,-1
0,-0.8649569682513735,-1
0,-0.737518124499712,-1
0,-0.920499887245138,-1
0,-1.0116062383737885,-1
0,-0.9443064234034294,-1
0,-1.0137369804427103,-1
0,-0.8688360978969225,-1
0,-0.6572859415363094,-1
0,-0.8649314424541055,-1
0,-0.8161564749472623,-1
0,-0.7011846274700303,-1
1,-0.4198915545355242,-1
0,-0.9068688600955068,-1
0,-0.7810375847806572,-1
0,-0.46131772506105195,-1
1,0.3927703455275139,1
0,-0.7381949261117197,-1
0,-0.8246335829167474,-1
0,-0.5941142740795804,-1
0,-0.7587264756758062,-1
0,-0.861615534812908,-1
0,-0.9398985469089264,-1
0,-0.24885746089763983,-1
0,-0.6419653600654024,-1
0,-0.7952110358899865,-1
0,-0.9835858717788235,-1
0,-0.9714171709594772,-1
1,-0.2235157755081036,-1
0,-0.9634571857882117,-1
1,-0.22436409811267488,-1
1,-0.8515755359715331,-1
0,-0.7831568120984367,-1
0,-0.953087900440966,-1
0,-0.9561797204356246,-1
0,-0.794269150311431,-1
0,-1.025602933957886,-1
1,1.4904098878268934,1
1,0.3689265133258698,1
0,-0.9817662308836961,-1
0,-0.7521386176380285,-1
0,-0.9385467397130276,-1
0,-0.9580892434666484,-1
0,-0.8653745492138308,-1
0,-1.074304336214813,-1
0,-1.0641587611899004,-1
0,-0.7978260613678512,-1
0,-0.9119376420403549,-1
0,-1.1474319154958383,-1
1,0.16498733552410705,1
0,-0.9814472390414647,-1
0,-0.7180708978479566,-1
0,-0.10933519927506052,-1
0,-0.9715695299333903,-1
0,-0.8953877714576666,-1
0,-0.8915499622073765,-1
1,-0.17214397480996935,-1
1,-0.07593610804883211,-1
0,-0.48433347934963183,-1
0,-1.039887742426502,-1
0,-1.1877284367266667,-1
1,-0.2145685466668451,-1
0,-0.9718687262663497,-1
0,-0.9291367707456553,-1
1,-0.5754967590347289,-1
0,-0.9800954337797129,-1
0,-0.8970008848775608,-1
0,-1.041271902070521,-1
0,-0.8166028402028918,-1
0,-0.8446936106805261,-1
0,-0.8772565777807213,-1
0,-0.523419311158614,-1
0,-1.152627427045596,-1
0,-0.9594834857371759,-1
0,-0.9811945155274744,-1
0,-0.8464237675279721,-1
0,-0.9094651792788823,-1
0,-0.9159385390095116,-1
0,-0.9607324714434554,-1
0,-0.7778539343751607,-1
0,-1.078561269331857,-1
0,-1.0004098740112468,-1
0,-0.9131505071416455,-1
0,-0.9066169621970241,-1
1,-0.07809524806392698,-1
0,-1.0365877677608488,-1
0,-0.7894327814541225,-1
0,-0.9072320462313088,-1
0,-0.9502187612742403,-1
0,-0.30417058573961964,-1
0,0.8375288541067908,1
0,-0.8480827481310023,-1
0,-0.883180532263332,-1
0,-0.875066161544262,-1
0,-1.0015179746321587,-1
0,-0.9016154754823954,-1
1,0.2622621462766175,1
0,-0.9200195869581542,-1
0,-1.0261008227638582,-1
0,-0.988870406466613,-1
0,-1.0272959924982659,-1
0,-0.6581341729275566,-1
0,-0.8406918791429225,-1
0,1.1446224196603358,1
1,-0.262751950592421,-1
0,-0.5345692366929439,-1
0,0.10648536762327254,1
1,-0.43883874003825674,-1
0,-0.9152895435453381,-1
0,0.03917025388123274,1
0,-1.0263000812576575,-1
0,-0.9817117884395554,-1
0,-0.9547923278694602,-1
0,-0.9185869059714898,-1
0,-0.8550213965517073,-1
0,-0.9125684268880746,-1
0,-0.9300569561731578,-1
0,-1.3921012699684585,-1
0,-1.006296105253409,-1
0,-0.7728189214712663,-1
0,-0.8846293357625695,-1
1,0.8469590463595132,1
0,-0.96332575697936,-1
0,-0.9304532606211199,-1
0,-0.9611394976575282,-1
1,0.284971197652511,1
1,0.3937793861686091,1
0,-0.8408449750033848,-1
1,0.4846675437184992,1
1,1.1052012069763428,1
0,-0.8351294892605268,-1
1,0.46241366383036786,1
0,-0.5857819213271326,-1
1,-0.06707277579651205,-1
1,-0.5788292834001049,-1
0,-1.02285902354165,-1
0,-1.0106306160952483,-1
0,-0.9136324116692842,-1
0,-0.8548701450701233,-1
0,-0.975291698898524,-1
0,-0.7522200455086947,-1
0,-0.8825344393140404,-1
0,-0.8625525495035835,-1
1,0.7447472932872593,1
0,-0.42069196106200124,-1
0,-0.9846799193757035,-1
0,-0.9034563026249138,-1
0,-0.674446176410105,-1
0,-0.7955430409483144,-1
1,0.43362241583647665,1
0,-0.9062419081220517,-1
1,-0.200080898336081,-1
0,-0.9407916381010517,-1
0,-0.945202567832128,-1
1,-0.9231809731633505,-1
1,0.233432438751757,1
0,-0.85362749136044,-1
0,-0.9971982080276952,-1
0,-0.904897715331632,-1
0,-0.8160515521408243,-1
0,-0.813272584775864,-1
0,-0.8616923560235383,-1
0,-0.9706939684310117,-1
1,-0.4773495900662501,-1
0,-0.7242238054028546,-1
0,-1.0388247311169971,-1
1,-0.7244087594082216,-1
0,-0.381464672682503,-1
0,-0.6934802932176471,-1
1,-0.22214281896714305,-1
1,0.31031796345223117,1
0,-0.9667552717929627,-1
0,-0.6747066952653321,-1
0,-1.0208209259592809,-1
0,-0.8784724235158348,-1
0,-0.9367366912730583,-1
0,-0.7707681706043435,-1
0,-0.9310007931129041,-1
0,0.15830824346401273,1
0,-0.9672868393223668,-1
0,-0.881935444381704,-1
0,-0.8994311688842878,-1
0,-0.9348126176402174,-1
0,-0.9116739112707635,-1
0,-0.7884426982260542,-1
0,-0.6051753440801871,-1
0,-0.8082791031782012,-1
0,-0.8332550837569801,-1
0,-0.9530288369995832,-1
0,-1.0081561046079432,-1
0,-0.8607844136550635,-1
0,-0.8483127297801087,-1
0,-1.0788925640728897,-1
0,-0.9061561927839896,-1
0,-1.027565545807874,-1
0,-0.33003486112742864,-1
0,-0.6361657394330824,-1
0,-0.2294018725649422,-1
0,-0.7208608974179623,-1
0,-0.8794758628836791,-1
0,-1.0240263310306918,-1
1,0.3239080253159333,1
0,-0.983078798809913,-1
0,-0.941092866918644,-1
0,-0.9917619740674346,-1
0,-1.0095630537125282,-1
0,-1.046817268925967,-1
0,-0.0986770187609769,-1
0,-0.5206174411431981,-1
0,-0.9815458935878411,-1
0,-1.0057524364948889,-1
0,-1.0501640964909393,-1
0,-0.7834345078400242,-1
0,-0.8268022797014896,-1
0,-0.9603088875670874,-1
0,-0.8038238106111811,-1
0,-0.6782004492740001,-1
0,-0.9999822779448939,-1
0,-0.8277675291820368,-1
0,-1.0015467503240736,-1
0,-0.06636854350020538,-1
0,-1.0598854834295577,-1
0,-0.9780117977731577,-1
0,-0.5407043826741552,-1
0,-0.5764567134048433,-1
0,-0.06193180298856815,-1
0,-0.9700229973656621,-1
0,-0.6736799568192751,-1
0,-1.0002980029391604,-1
0,-0.8228094532258452,-1
0,-0.7526063983727834,-1
0,-0.8694467508015672,-1
1,-0.43627196075097124,-1
0,-0.9590336408566142,-1
0,-0.9957269630838025,-1
1,0.7409324256062256,1
0,-1.022834832269992,-1
1,-0.7166027042204868,-1
0,-0.7995178453273166,-1
0,-0.8390905613002576,-1
0,-0.5973256668549687,-1
0,-0.9738274449564497,-1
0,4.200621309106981,1
0,-1.0083351910742764,-1
0,-0.6978617091776107,-1
0,-1.0478134785629543,-1
0,-0.9878081052895227,-1
0,-0.5895537105439476,-1
0,-0.8676547925394182,-1
0,-0.924348653723982,-1
0,-0.8992978191302111,-1
0,-0.7255622683216008,-1
0,-0.9405356900409867,-1
0,-0.872428697659572,-1
1,-1.0227054527116524,-1
0,-0.7640664681802436,-1
0,-0.7917597702311527,-1
1,-0.06392398811111433,-1
0,-0.6853675524673425,-1
0,-0.9402691485490884,-1
0,-0.7637287616508678,-1
0,-1.0173093192618705,-1
0,-0.8655913924769711,-1
0,-0.8850429472133274,-1
0,-0.8601767378447921,-1
0,-0.8936856059030963,-1
0,-0.9127465821112306,-1
0,-0.8409153271616047,-1
0,-0.884781289299001,-1
1,0.01896242889927835,1
0,-0.9259596819629383,-1
0,-1.0165450004870011,-1
0,-0.9874937724696933,-1
0,-0.8182567837413254,-1
0,-0.870462312956322,-1
0,-0.2466527529136418,-1
0,-0.9071285815118191,-1
0,-1.057231083332995,-1
0,-1.0089121115602366,-1
0,0.25162980395068557,1
0,-0.8160760604860601,-1
0,-0.7000122583283337,-1
0,-0.3822334914123164,-1
0,-0.7044911828057662,-1
0,-0.6291080969770922,-1
1,-0.7604673222197142,-1
0,-0.6922331664193824,-1
1,0.013262113270215092,1
0,-0.8188842656088712,-1
0,-0.6953090459223903,-1
0,-0.8323797395373939,-1
0,-1.0394468981453118,-1
1,-0.7283857616475846,-1
0,-0.9691607525890737,-1
0,-0.9550892476287581,-1
0,-0.9245414420171375,-1
0,-0.814969535476695,-1
0,-1.05283755501243,-1
0,-0.9893138446936338,-1
0,-0.7591583611563614,-1
1,-0.08869563444357997,-1
0,-0.8175443992089031,-1
1,-0.3154441300884296,-1
0,0.8833191563396766,1
0,-0.8973945192298021,-1
1,-0.26138659713083856,-1
0,-1.0038766428858121,-1
1,0.7613171520937233,1
0,-1.0368002634670688,-1
1,0.10898149351676356,1
0,-0.9123664708114363,-1
0,-0.05063422110880744,-1
0,-0.7287296320993133,-1
0,-0.7534195572028405,-1
1,-0.055593845813203924,-1
0,-0.8717710462831177,-1
1,0.18223242427833564,1
0,0.7529585191518001,1
0,-0.9797650197565468,-1
0,-0.6468280879309275,-1
0,-0.9250262337305348,-1
0,-0.7378160295066724,-1
0,-0.8215916933963403,-1
1,-0.5590596116009388,-1
0,-0.9702389305110848,-1
0,-0.16963713597798258,-1
0,-0.7417556696068022,-1
0,-0.8286908269042905,-1
0,-0.7763903067191116,-1
0,-0.777572238056063,-1
0,-1.0323256454364695,-1
0,-0.49022979990510407,-1
1,0.15061967489855765,1
0,-0.8878490165905129,-1
0,-0.8602581128300761,-1
0,-0.9790806004353076,-1
0,-0.8581113165502143,-1
0,-0.6765544936154334,-1
0,-0.8632834184184948,-1
0,-0.9637522085718586,-1
0,-0.8758813670099057,-1
0,-0.9517684358191636,-1
1,1.4689842990738886,1
0,-0.7936988713298413,-1
0,-0.5382334848166501,-1
0,-0.960969045419609,-1
0,-0.8658022671433669,-1
0,-0.8975643108973153,-1
0,-0.8938409546092894,-1
0,-0.9528466148460618,-1
0,-0.9384019765836278,-1
0,-0.515887233235889,-1
0,-0.8152606988115813,-1
1,-0.7685995148741173,-1
0,-1.0190203870977619,-1
0,-0.17666647841349087,-1
1,-0.7583837756882065,-1
0,-0.7777254013616437,-1
0,-0.3769685190397427,-1
0,-1.0324521826192685,-1
0,-0.9929128703151944,-1
0,-0.9518940947718094,-1
0,-0.5250284518409285,-1
0,-0.848749624730314,-1
0,-0.9067228144566566,-1
0,-0.8876793585506901,-1
0,-1.0990484630500397,-1
0,-0.5370161314327246,-1
0,-0.727222872103873,-1
0,-0.9652568795721531,-1
0,-0.8252316507494734,-1
0,-0.3560503801055698,-1
0,-0.698106092034943,-1
0,-0.9407457280573082,-1
0,-0.40665170023497155,-1
0,-0.8215027400416905,-1
1,-0.5525192501675935,-1
0,-0.5760198098351403,-1
0,-0.7359142479701822,-1
0,-0.9193568689494241,-1
0,-0.989076581414829,-1
0,-0.8433991200378289,-1
0,-0.40066537646349687,-1
0,-0.9217554811073311,-1
0,-0.6761876097083238,-1
0,-0.7167916328454667,-1
1,-0.8729307389101633,-1
0,-0.8721993682652606,-1
0,-0.18072075322222814,-1
1,-0.5759279386208199,-1
0,0.1202845966810403,1
0,-0.902979260071177,-1
0,-0.9281246342115868,-1
1,0.9090406403910228,1
0,-0.9539949165888308,-1
0,-0.7734381662385854,-1
0,-0.8303917636328944,-1
0,-1.0073916320202827,-1
0,-1.0692951637687926,-1
0,-0.5617698926932003,-1
1,-0.9355942993397225,-1
0,-0.9057849214470106,-1
0,-0.9783751857845501,-1
0,-0.681386651652431,-1
0,-1.020504314782546,-1
0,-0.924069534109997,-1
0,-0.1376403310178883,-1
0,-0.8440880097879643,-1
0,-0.6322260538364481,-1
0,-0.5422605616093601,-1
0,-0.7805944130866473,-1
0,-0.900044545969505,-1
0,-0.77451769184999,-1
0,-0.6445811625618283,-1
0,-0.32669345114313575,-1
0,-0.8492914241912126,-1
0,0.5640240525402543,1
0,-0.9110106226326921,-1
0,-0.8336841082009718,-1
0,0.10068032317087394,1
0,-0.9811112421156412,-1
0,-0.8951710007576512,-1
0,-0.8859301321760884,-1
0,-0.915520200369561,-1
0,-0.7890763069742853,-1
0,-1.0137420268129596,-1
0,-0.9919333557481901,-1
1,-0.5808190686059587,-1
0,-0.678770249465514,-1
0,-0.9066988248632686,-1
0,0.07081152952297276,1
0,-0.8641992069412877,-1
1,0.5883835117831665,1
0,-0.9323794794501536,-1
0,-0.5544289692430178,-1
0,-0.07721483909866411,-1
0,-0.7324334691419967,-1
0,-0.8698878134807398,-1
0,-0.41889597315089705,-1
0,-0.775173097348301,-1
0,-0.09801592326546105,-1
0,-1.1573352165700532,-1
1,-0.7876453465741606,-1
0,-0.6234010801264882,-1
0,-0.3163404547842733,-1
0,-0.9331522288971712,-1
1,-0.7211245818790204,-1
1,-0.7307887479412642,-1
0,-0.9900547388962543,-1
0,-0.9016289918785778,-1
0,0.8424349223804896,1
0,-0.8712329771334026,-1
0,-0.6866805202444851,-1
1,-0.837393924426714,-1
1,-0.7631081601506272,-1
0,-0.6887580374619078,-1
1,-0.6088337312157134,-1
0,-0.9758882857047428,-1
0,-0.9249378300019014,-1
0,-0.6232796875383642,-1
0,-0.8125088589308859,-1
0,-0.8340076028438119,-1
0,-0.8959794243344241,-1
0,-0.9107169168625724,-1
1,0.24998353901938064,1
0,-0.7783438798064424,-1
0,-0.9685320476260504,-1
0,-0.8502453584595933,-1
0,-0.9924687233808819,-1
0,-0.8339216825129181,-1
0,-0.9168566433840284,-1
0,-0.8157422982356872,-1
0,-0.8720487171545148,-1
0,-0.9559492873035521,-1
0,-0.9715903926611618,-1
0,-0.6860671392637162,-1
0,-0.48556014851109885,-1
1,-0.6515545024568006,-1
0,-0.8497146150574648,-1
0,-0.9722790435485736,-1
0,-0.9295347810438985,-1
0,-0.9572557385352716,-1
0,-1.035103734099239,-1
0,-0.5594141331300087,-1
0,-1.0080423289460358,-1
1,-0.4220981346308855,-1
1,-0.19712630266778436,-1
0,-0.8940175783456432,-1
0,-1.0017854625473375,-1
0,-0.8562511660432215,-1
0,-1.033148447118007,-1
0,-0.9497561355968396,-1
0,-0.9845818610019013,-1
1,0.7932198056043406,1
0,-1.0054723250287445,-1
0,-0.935187427329998,-1
0,-0.9171725260725249,-1
0,-0.9066350016107689,-1
1,0.47887319737962997,1
0,-0.9314430434258276,-1
0,-0.6760364219467332,-1
0,-0.7884150195326461,-1
1,-0.10959530015107777,-1
1,1.6088553513114854,1
0,-0.6703773934292276,-1
1,0.4861860235392278,1
1,0.2777027487639365,1
0,-0.9552381391886385,-1
0,-0.508531846782264,-1
0,-0.9013006753528288,-1
0,-0.9715903926611618,-1
0,-0.9791564024484444,-1
0,-0.9661165904168582,-1
0,-0.8630023078493605,-1
0,-0.8480835301080573,-1
1,-0.7340450828210019,-1
0,-0.9598134336720725,-1
0,-0.9807729680495125,-1
0,-0.8962785005073345,-1
0,-0.8226447728340396,-1
0,-0.6201649844630297,-1
0,-0.893410528783369,-1
0,-0.8465805728046729,-1
0,-0.5067696948754246,-1
0,3.602440779890179,1
1,0.22763268366257627,1
0,-0.9709116473978627,-1
0,-0.921446286901423,-1
0,-0.950893777647543,-1
1,-0.587759414011571,-1
0,-0.8840780831707796,-1
0,-0.8807916924304654,-1
0,-0.9926021336696609,-1
0,-0.9709945915642801,-1
0,-0.8708170216917087,-1
0,-0.9506790624987681,-1
0,-0.48625143639970003,-1
1,-0.043964648983641275,-1
0,-0.8662832143793358,-1
0,-0.9289153655803359,-1
0,-0.9020809695551795,-1
0,-0.8559764205135388,-1
0,-1.0250097879696827,-1
0,-0.8955520569869304,-1
0,-1.0084636653849186,-1
0,-1.0485405151827407,-1
0,-0.8303702651480913,-1
1,1.9158011925673013,1
0,-0.809734756015412,-1
0,-0.8472574172771516,-1
0,-0.8379464801373733,-1
0,-0.9173876963905971,-1
0,-0.8256992255016948,-1
0,-0.8384094229449356,-1
0,-0.9389442471875007,-1
0,-0.8268356238644987,-1
0,-0.9539949165888308,-1
1,-0.7639511112031845,-1
0,-0.5097742035652728,-1
0,0.13820775157871068,1
0,-0.8522970575980373,-1
0,-0.9256468546568055,-1
0,-0.9992825448392594,-1
1,-0.35486342356143974,-1
1,0.5995099280450445,1
0,-0.8538619924198528,-1
1,-0.7018467223242603,-1
0,-0.9017833482591193,-1
1,-0.33132113250372347,-1
0,-0.7591316679378978,-1
0,0.09142362374021717,1
0,-0.9846799193757035,-1
0,-0.9525907022788095,-1
0,-0.97990152644465,-1
0,-0.8582596119185307,-1
0,-0.8138788457600337,-1
0,-1.019027378139871,-1
0,-0.9959521471037867,-1
0,-0.9526060872204298,-1
1,-0.18010432028330958,-1
1,0.765346265479064,1
1,1.0321916033169414,1
1,0.07403108741683895,1
0,-0.8012322971529713,-1
0,-0.9688351461682614,-1
0,-0.932701570330449,-1
0,-0.7968393091076164,-1
0,-1.0674854121287194,-1
1,-0.5224127772921892,-1
0,-0.7529413358782734,-1
0,-0.9725023621915209,-1
0,-0.8525893546735107,-1
0,-0.4637628470047491,-1
0,0.09164004509584645,1
1,-0.7513524360822923,-1
0,-0.6894698499266532,-1
0,-1.0277103557800666,-1
0,-0.9523573276347752,-1
0,-0.9453871916656962,-1
0,-0.8051206969478232,-1
1,-0.0257682568588119,-1
0,-0.9092633599484667,-1
0,-0.139297309704831,-1
0,-0.6859184616673434,-1
1,0.8325042388210805,1
1,1.3771859663384136,1
0,-0.8542960607778397,-1
0,-1.0376388128929401,-1
0,-0.8474313277818379,-1
1,-0.42530120086002365,-1
0,-0.8077792999409725,-1
0,-0.829516945309059,-1
0,-0.9126910317889668,-1
0,-0.6820786347237826,-1
0,-0.9175413420284713,-1
0,-0.5621791763434988,-1
0,-0.9109061236254148,-1
0,-0.7590982593175863,-1
1,0.22844500764293885,1
0,0.7153599881741587,1
0,-0.7288565427710001,-1
0,-1.0888986767192925,-1
0,-0.9044400825021649,-1
0,-1.0367522523473398,-1
0,-0.7849597543064125,-1
0,-0.1041391757262955,-1
0,-1.158507757681729,-1
0,-1.0464179372048215,-1
0,-0.572325556934298,-1
0,1.2822938170884446,1
0,0.0058651488488596915,1
0,-0.8522994036929531,-1
0,-0.9895431569782084,-1
0,-0.8527049120720198,-1
0,0.35538246809130236,1
1,-0.6745770998151018,-1
0,-0.8454741099653857,-1
0,-1.0537063591835714,-1
0,-0.6390412854031019,-1
0,-1.1163949736365988,-1
0,-0.9676125670758127,-1
0,-0.87780853754742,-1
0,0.3064099403536701,1
1,0.20731845608505772,1
0,-0.9825541371091702,-1
0,-1.0556389628890186,-1
0,-0.9415118902954311,-1
0,-0.7788782910982135,-1
0,-0.9762560728554383,-1
0,-0.8971615753650624,-1
0,-0.9720991987595525,-1
0,-1.1215448725191746,-1
0,-0.5651954178284455,-1
0,-0.8644829532719699,-1
0,-0.9553325341272718,-1
0,-0.7814571884637032,-1
0,-0.9141533387553763,-1
0,-1.049365346764421,-1
0,-0.8153408887018163,-1
0,-0.7009512918717804,-1
0,-0.9246946416779234,-1
0,-0.6113279549670302,-1
1,-0.29709084661385105,-1
0,-0.918434871072235,-1
0,-0.5520069274155063,-1
0,-0.9201655122981574,-1
0,-0.5619905851211642,-1
0,-0.7917075604548898,-1
1,-0.17143045487589836,-1
0,-0.8017476694318199,-1
0,-0.9572441172932891,-1
0,-0.9883955921164893,-1
1,-0.9249765910481829,-1
0,-0.9274568365813313,-1
0,-0.9712309316967196,-1
0,-0.8798659924456096,-1
1,-0.3972363163876001,-1
0,1.0670490617043065,1
0,-0.8171531420880187,-1
0,-0.9767730257326419,-1
0,-0.9831056411497772,-1
0,-0.9130696163304319,-1
0,-0.9509556826813141,-1
1,-0.7630473391304691,-1
1,-0.6660434131759675,-1
0,-0.8720051301599354,-1
0,-0.8367589209403452,-1
1,-0.7154636665525071,-1
0,-0.7758637468165994,-1
0,-0.8789766025924801,-1
0,-0.8058482916862797,-1
0,-0.8594697330635058,-1
0,-0.8409564759512629,-1
0,-1.1045333241249244,-1
0,-0.9636301568774172,-1
0,-0.816134399275981,-1
0,-1.0007565883012064,-1
0,-0.2579142771908769,-1
1,0.6440626075694994,1
0,-0.6165632412083333,-1
1,-0.7369238134781092,-1
0,-0.9616638119749028,-1
0,-0.9370070918043922,-1
1,-0.6937739300203362,-1
0,-0.8942332595162281,-1
0,-0.997747312663281,-1
1,-0.43302097058490124,-1
0,-0.5871507124096278,-1
0,-0.8843045197969632,-1
0,-0.9909212665542946,-1
1,-0.6132553527069874,-1
0,-0.8401830006124089,-1
1,-0.23196763252424157,-1
0,-1.1048940865434123,-1
0,-0.8300346924888863,-1
0,-0.6614619882859147,-1
0,-0.9563493872188396,-1
0,-0.36782205030933923,-1
0,-0.7157167442158524,-1
0,-0.8713327675156615,-1
0,0.1481452313772531,1
0,-0.7229015334428188,-1
0,-0.5065232430800993,-1
0,-1.0148170272318313,-1
1,1.3045372912721782,1
0,-0.989439023529503,-1
1,-0.803820262912162,-1
0,-0.7009938316791378,-1
0,-1.0142842125466054,-1
0,-0.7020803692787214,-1
0,-0.9406120006869572,-1
0,-0.864009278960238,-1
0,-0.802814788154966,-1
0,-1.0460259399377247,-1
0,-0.8958432359048948,-1
0,-0.9970908589206654,-1
0,-0.11250244853966185,-1
0,-1.0570464222738103,-1
0,-0.8857999020137487,-1
0,-0.7651384730888274,-1
1,-0.8199615792272935,-1
0,-0.7501101446925925,-1
0,-0.564896671188367,-1
0,-1.0266041386404596,-1
0,-0.8251654059077695,-1
0,-0.6245291168263429,-1
0,-0.7409467028424594,-1
0,-0.7625954363007035,-1
0,-0.9163364968071124,-1
0,-0.2013714022362444,-1
0,-0.9611073051396142,-1
1,1.1684198974989384,1
0,-1.0028327312387255,-1
1,0.056379848656661236,1
0,-0.7842126826315218,-1
0,-0.46565247005674537,-1
0,-1.0878427910702508,-1
0,0.17444813603019715,1
0,-0.872834356616568,-1
1,0.3900604739767134,1
0,-0.7957418651945367,-1
0,-0.9108305255935756,-1
0,-0.9302734950296534,-1
0,-0.9892731776873909,-1
0,-0.7454180678826491,-1
0,-0.5848790505130651,-1
0,-0.9619582749022125,-1
0,-1.0071853489712421,-1
1,-0.696749529487325,-1
0,-0.9738580555135378,-1
0,-0.714911783088538,-1
0,-0.9923263616219937,-1
0,-0.8277942822207944,-1
0,-0.44721335168598886,-1
0,-0.9179126065641945,-1
0,-0.9904332820249605,-1
0,-0.34514270280274006,-1
0,-0.7009690548269595,-1
0,-0.9559064817456411,-1
1,0.3094293725816546,1
0,-0.7843937664224041,-1
0,-0.9076718751024033,-1
0,-0.9725023621915209,-1
0,-0.24337765569285508,-1
0,-0.9156190400736629,-1
0,-0.5047705127034796,-1
0,0.24218678347698086,1
0,-0.9933304589085916,-1
0,-0.6577123362818257,-1
0,-0.9137563170372669,-1
0,-0.6554812186447266,-1
0,-1.0806824517525246,-1
0,-0.7962564799533294,-1
0,-0.9052072168527503,-1
0,-0.9437505613249423,-1
0,-0.6845822920192518,-1
0,-0.9548654929424318,-1
0,-0.848903615826639,-1
0,0.33545317081791626,1
0,-0.6257268257464996,-1
1,0.07950321419877648,1
1,0.5834955997660777,1
0,-1.0085928103377146,-1
0,-0.3951441228428941,-1
0,-0.959578423441437,-1
0,-1.033624990547741,-1
1,1.2262947837058897,1
0,-1.0148882074896037,-1
0,-0.8864100163426042,-1
0,-0.5916163624178951,-1
0,-0.9043743187024871,-1
1,-0.7766502826468513,-1
0,-1.0785187772050724,-1
0,-0.7974670974908064,-1
0,-0.6010614449049714,-1
0,-0.8173610307214213,-1
0,-0.870624121833856,-1
0,-0.9243556213002133,-1
0,-1.034821149449932,-1
0,-0.896953349006987,-1
1,-0.004736520685776235,-1
0,-1.00875989320659,-1
0,-0.7476323394370785,-1
0,-0.937440181313742,-1
0,-0.9619505357252307,-1
0,-1.0184972190510142,-1
0,-0.9630978943772827,-1
1,1.4661392874166617,1
0,-1.0341918090114517,-1
0,-0.8264380714326991,-1
0,-0.9390182767221047,-1
1,0.19349619149774255,1
0,-0.6094347674902729,-1
0,-1.0094055669513486,-1
0,-0.7855474168574685,-1
0,-0.8003393346845907,-1
0,-0.9267034437777959,-1
0,-0.8576387320289238,-1
0,-0.6001979547780684,-1
0,-0.9356738670399095,-1
0,-0.9879774731858683,-1
0,-1.1353291003012222,-1
0,-0.8937553297270767,-1
0,-1.0183542031502388,-1
0,-0.8344827566577123,-1
0,-0.9464415332769982,-1
0,-0.7586334302027746,-1
0,-0.916864373879837,-1
0,-0.8815114781782373,-1
0,-0.762386723056555,-1
0,-0.3937249101766248,-1
0,-0.9356838024575098,-1
0,-0.9211649315286712,-1
1,0.010128159004631043,1
0,-0.8693797465396476,-1
0,-0.7199536201917187,-1
0,-0.56581033046194,-1
0,-0.2617304914968883,-1
0,-0.53464192109276,-1
1,-0.7315776756256184,-1
0,-0.7787532791701612,-1
0,-1.0169144500521274,-1
0,-0.8403148120631689,-1
0,-0.8050088967695335,-1
0,-0.9779019432862669,-1
1,-0.07879728390952201,-1
1,-0.10776515844215473,-1
0,-0.9669709853370139,-1
1,-0.6409043695801372,-1
0,-0.9332580136096211,-1
0,-0.35601553940458247,-1
0,-0.9647032815962117,-1
0,-0.9613593741960292,-1
0,-0.9465675247679559,-1
0,-1.0573037057907753,-1
1,-1.4912948749400132,-1
0,-1.0487666760176682,-1
0,-0.6425651315531475,-1
0,-0.842756771064123,-1
0,-0.8336328641574189,-1
0,-0.4417467081079227,-1
0,-0.8554974004545851,-1
0,-1.0333659083601177,-1
0,-1.0380151164368736,-1
1,-0.4768160225525544,-1
0,0.021141750684682492,1
0,-0.6447920455216922,-1
0,-0.9861668526683642,-1
1,-0.2467856101139282,-1
0,-0.48576383797064937,-1
1,-0.6195439625959953,-1
0,-0.9232763565128487,-1
0,-0.7565494228965088,-1
0,-1.0411641069635469,-1
1,-0.38673340002462653,-1
0,-1.0094920615183418,-1
0,-0.2595622800115679,-1
0,-1.0017691504347974,-1
0,-0.9832185439422094,-1
0,-1.0295321166017128,-1
0,-0.8139965225282707,-1
0,-0.8056529308735334,-1
0,-1.09118785659309,-1
0,-0.6312880647794342,-1
1,-0.6458584259709033,-1
0,-0.36048078416163654,-1
1,-0.4436834134626797,-1
0,-0.14993771383148558,-1
1,1.155305522776772,1
1,-0.1405585063696837,-1
0,-0.40450622643329565,-1
0,-1.238142695810002,-1
0,-0.7479506409553587,-1
0,-0.5731039797577335,-1
0,-0.7411395598827923,-1
1,-0.2560196514815753,-1
1,0.3841796517824353,1
0,-0.9879020218289353,-1
0,-1.0112824036406876,-1
0,-0.9923373566818148,-1
0,-0.9951410208166428,-1
0,-0.4213254323215661,-1
0,-0.9872493006125947,-1
0,-1.0233668720339186,-1
0,-0.8469303777740519,-1
0,-1.1057095617631902,-1
0,-0.9662817112243061,-1
0,-1.1082798805678757,-1
0,-0.6200147646983937,-1
0,-0.877649559614221,-1
0,-0.9432003058309119,-1
0,-0.5788397346615213,-1
0,-0.45348496852383763,-1
0,-0.8648554848063823,-1
0,-1.012483148017934,-1
1,0.38514902347370283,1
0,-0.46925516553271274,-1
1,-0.9815989379452872,-1
0,-0.30285588743603764,-1
0,-1.0050885851812608,-1
0,-1.5257844812668044,-1
1,-0.6720808656193743,-1
0,-1.001100273901364,-1
0,-0.6436222250896374,-1
0,-0.8415799470499665,-1
0,-0.7719577766848258,-1
0,-0.7487401659587674,-1
0,-0.9814608736569848,-1
0,-0.9458563567453309,-1
0,-0.9336951428591436,-1
0,-0.9832817184414449,-1
0,-0.8100893893010532,-1
0,-0.8012298173966109,-1
0,-1.030800158181137,-1
0,-0.7591377990919436,-1
1,-0.470910640955467,-1
0,-0.9899088445777977,-1
0,-0.7029653628953492,-1
0,-0.7065533332163914,-1
0,-1.0131889482258893,-1
0,-1.008843696609214,-1
0,-1.0231052483995238,-1
0,-0.4717850675107366,-1
1,-0.29751547129801925,-1
0,-0.9760624190900835,-1
0,-0.6484154617294113,-1
1,-0.42743313894654505,-1
0,-0.9961990902177327,-1
0,-0.9806152654042477,-1
0,-0.23867514803720913,-1
0,-0.8378428773221913,-1
0,-0.28742418835529243,-1
0,-0.7144642239209149,-1
0,0.3686125861927886,1
0,-0.9398244989629779,-1
0,-1.0144981898034624,-1
0,-0.849342235963889,-1
0,-0.9341798998028913,-1
0,-1.052207218218948,-1
0,-1.1290633911037564,-1
0,-0.8418934806896802,-1
1,0.6489354760689178,1
0,-0.7187085327834156,-1
1,-0.07147061417142664,-1
1,-0.24451779737983376,-1
1,-0.8528174225282565,-1
0,-0.9653596952817435,-1
1,-0.5879858979672529,-1
1,0.16549967030088675,1
0,-0.8980547362604765,-1
0,-0.7792126078169593,-1
0,-0.9337773042078519,-1
1,2.1558128361668296,1
0,-0.7968966338610362,-1
0,-1.0144449072368489,-1
0,-0.9626954843025093,-1
0,-0.5529817285582016,-1
1,-0.6708649586955395,-1
0,-1.0436559784098465,-1
0,-0.5944673273235195,-1
0,-0.7817252095089264,-1
1,0.8199040165157162,1
1,-0.24704173421756415,-1
0,-0.7913244853488526,-1
0,-0.7821579196839001,-1
0,-0.9963958261376639,-1
0,-0.9434878361006267,-1
0,-0.6144906965614352,-1
0,-0.9581381049190522,-1
0,-0.8620477769567366,-1
0,-0.32205378758237435,-1
0,-0.9995608555870668,-1
0,-0.916888837212121,-1
0,-1.139217002588118,-1
0,-1.001199715981352,-1
0,-0.7012113583747122,-1
0,-1.0802332243086203,-1
0,-0.9065712940675897,-1
0,-0.6864937708762521,-1
0,-0.9519535886354881,-1
0,-0.753831806072597,-1
0,-0.9043496771598806,-1
0,-0.8896212095680436,-1
0,-1.0225501252295435,-1
0,-0.9676200957526904,-1
0,-0.6363659262255131,-1
0,-0.5639661364910628,-1
0,-0.9366044649268912,-1
0,-0.9331844327743742,-1
0,-0.7792543504748946,-1
1,0.04197087464507232,1
0,-0.7684040456645158,-1
0,-0.9304994593277474,-1
0,-0.9743790495250864,-1
0,-0.9486842982958306,-1
0,-0.5776682608985424,-1
0,-1.019152162314178,-1
0,-0.9716000025484044,-1
0,-0.9191282451617286,-1
0,-0.9387984408852011,-1
0,-0.9452692621876542,-1
0,-0.8141690541853952,-1
0,-0.9234313057267006,-1
0,-0.8118340513642675,-1
0,-1.0176970782428096,-1
0,-0.7808688074041514,-1
0,-0.88051129112712,-1
0,-1.0038737861377367,-1
0,-0.7996817279163562,-1
0,-0.9256697877185442,-1
0,-1.0554852402566242,-1
0,-0.903478385261803,-1
0,-1.0629005990347837,-1
0,-1.0693073020362498,-1
0,-1.0952778261616514,-1
0,-0.7130254552245933,-1
1,0.1537272744695496,1
1,0.4861175321642984,1
0,-0.9979048135220483,-1
1,-0.003747262828102449,-1
0,-0.9617835191962971,-1
0,-0.5904977851696777,-1
0,-1.01364970172884,-1
0,-1.0447219454526406,-1
0,-0.7806908142369363,-1
0,-0.8401049250366843,-1
0,-0.8981639764595064,-1
0,-1.103793929967247,-1
1,0.4012154319184761,1
1,-0.23449662239267138,-1
0,-0.9470283520451113,-1
0,-1.0271212639576404,-1
0,-0.9792233563312306,-1
0,0.26896484114161157,1
1,-0.12396367199452663,-1
0,-0.582800425006141,-1
1,0.6049444536583183,1
0,-0.7939457342729301,-1
0,-0.9971840274556121,-1
0,-0.4760895089629009,-1
0,-0.8460751731522846,-1
0,-0.5401938433229553,-1
1,-0.060262430034118464,-1
0,-0.5444591400458751,-1
0,-0.8883543018358289,-1
1,-0.38568492781559915,-1
0,-0.9803962901139827,-1
0,-0.7049806423908034,-1
0,-0.7383760516953346,-1
0,-0.7217494725644885,-1
0,-0.9255269308830496,-1
0,-1.1441514501326293,-1
0,-0.9376354110349724,-1
0,-1.033519358159902,-1
0,-1.2747556051650006,-1
0,-0.9356572763623249,-1
1,-0.7230092444534746,-1
0,-0.7342586757505067,-1
0,-0.9023229914126525,-1
0,-0.9785832508088692,-1
0,-0.9011129689654558,-1
0,-0.7941362189563617,-1
0,0.10319932381536956,1
0,-0.38583242993406175,-1
0,-1.022288413790315,-1
0,-0.9465330348401884,-1
0,-0.9272892384159668,-1
0,-0.7993181140269471,-1
0,-0.9681038711162193,-1
0,-0.9389460558702347,-1
0,-0.7131842411949233,-1
0,-0.8423034308663708,-1
0,-1.0449047028463019,-1
0,-0.8577272238398396,-1
0,-0.9871470037012077,-1
0,-0.9849527541340932,-1
0,-0.7979540107063112,-1
0,-0.9846799193757035,-1
0,-1.0392097866607248,-1
1,-1.0886027444618938,-1
1,-0.33741968837153047,-1
0,-1.098943809606412,-1
0,-1.074096771881572,-1
0,-0.9264114288403201,-1
0,-0.929417774437803,-1
0,-0.9191029766255808,-1
0,-0.27489312051176285,-1
0,-0.7566951816739621,-1
0,-0.8965583002750886,-1
1,-0.2712066349153788,-1
0,-1.3031283815929167,-1
0,-0.6118984222920809,-1
0,-0.1685595444212033,-1
0,-0.9094986874210176,-1
0,-0.9310746320450285,-1
0,-1.016392535251746,-1
0,-0.9702550820731399,-1
0,-0.9424833351317449,-1
0,-0.8939072579918512,-1
0,-0.9793580118360004,-1
0,-0.918195799664081,-1
0,-0.6060394214165856,-1
0,-1.0231755276589316,-1
0,-0.841892012332314,-1
1,-0.5399658641803164,-1
0,-0.35393902929145027,-1
0,-0.921446286901423,-1
0,-0.7863456691928264,-1
1,1.2980559117521122,1
0,-0.9487645116013254,-1
0,-0.7266867282342352,-1
0,-0.9184487225458706,-1
0,-0.8989997582251871,-1
0,-0.9169182626516212,-1
0,-0.8316513678645105,-1
0,-0.9600271091051222,-1
0,-0.7966030456530265,-1
1,-0.9807632888551074,-1
0,-1.0038731085638664,-1
0,-0.9162571347552905,-1
0,-0.9266020926374878,-1
0,-0.8384369618681833,-1
0,-0.5135971345558576,-1
0,-0.4284919607553446,-1
0,-0.3731412146239581,-1
1,1.6360368495780646,1
0,-0.9248133109685279,-1
0,-1.051669952111625,-1
0,-1.1286594653810953,-1
0,-1.0039986873107867,-1
0,-0.7753481832910716,-1
0,-0.9343966819856407,-1
0,-1.0140818232331743,-1
0,-1.0829207929751923,-1
0,-0.9439564700121259,-1
0,-1.0290721623141574,-1
0,-0.8323889242930526,-1
0,-0.255881534031765,-1
0,-0.8215466647029523,-1
0,-0.5236930474432799,-1
0,-0.9419316407111508,-1
1,-0.5446247333969008,-1
0,-0.5783325281191954,-1
0,-0.6865245930004402,-1
1,0.9928272533371897,1
0,-0.9946153403262583,-1
0,-0.820965830323152,-1
0,-0.936762420743491,-1
0,-0.8140578424566391,-1
0,0.01634414721284605,1
0,-0.6755380394415784,-1
0,-0.9466902422790204,-1
0,-0.8109293336789587,-1
0,-1.0238493572553518,-1
0,-0.37569362180967114,-1
0,-0.7001092834498295,-1
0,-1.0199633886276236,-1
0,-0.9772216790662118,-1
0,-0.9412741124261015,-1
1,-0.21860122215852923,-1
0,-1.1445445154503677,-1
1,-0.2087766152410907,-1
0,-1.1126548447866302,-1
0,-0.4678225680097719,-1
1,0.3521623427715984,1
0,-1.0031538037264918,-1
0,-1.0290682845538996,-1
0,-0.6544751994051838,-1
0,-0.8681373149403174,-1
0,-0.8370862991090796,-1
0,-0.8825228210349123,-1
0,-0.8111157547166284,-1
0,-0.9217939958437242,-1
0,-0.9002213905604031,-1
1,0.18518416348261424,1
1,0.6904227510433517,1
1,-0.6473394083232872,-1
1,-0.4377986927422225,-1
0,-0.8086585438192657,-1
0,-0.7254210265562713,-1
0,-0.9098132509796142,-1
0,0.3092959688311119,1
0,-0.9845943754425998,-1
0,-0.3817375671699144,-1
0,-0.5867188255410841,-1
1,-0.4353253702334592,-1
0,-0.4028985696428469,-1
0,-0.9130540542561586,-1
1,-0.5932734920927847,-1
0,-0.9923263479845985,-1
0,-0.9738529995063867,-1
0,-0.9333100173630403,-1
0,-0.8569013355367946,-1
1,-0.4478480635292256,-1
0,-0.9475089246555392,-1
0,-0.9158806635982428,-1
1,0.34212711743321833,1
0,-0.20313733323876193,-1
0,-0.9999249953073199,-1
0,-0.6086899161706796,-1
0,-0.9294241861707035,-1
0,-0.6478241300702278,-1
1,-0.29540118424097533,-1
0,-0.9899931855305677,-1
1,-0.15292555191705426,-1
0,-1.0223397819996258,-1
0,-0.9524975468061743,-1
0,-0.7291333298420042,-1
0,-0.5023705646490659,-1
1,-0.8119499337634544,-1
0,-0.8679566201613832,-1
0,-0.9154082975052324,-1
0,-0.9630032764334306,-1
0,-0.9632415211794566,-1
0,-0.8703027184849628,-1
0,-0.8621006537579481,-1
0,0.005347878544707196,1
0,-0.8227245494789883,-1
1,-0.6462877509956477,-1
0,-0.9994511972294665,-1
0,-0.7884000311925059,-1
0,-1.1222350214764736,-1
1,-0.2493404624957376,-1
0,-0.4949769548725942,-1
0,-0.4193112854231179,-1
1,-0.3066739510594543,-1
0,-0.8398856537395589,-1
0,0.151480352623644,1
0,-0.9021935010773665,-1
1,-0.9158681512721035,-1
0,-0.9801775598203926,-1
0,-0.806520281038215,-1
0,-0.6454536621345136,-1
0,-0.7779623487588447,-1
0,-0.894381151378935,-1
0,-0.99959297632311,-1
1,-0.5495810008192665,-1
0,-0.8714999996027715,-1
1,0.5817886783603802,1
1,-0.5023694457918934,-1
0,-0.9693796903241485,-1
0,-1.0382852490300165,-1
0,-0.8700325135212298,-1
0,-0.9131238349768204,-1
0,-0.7968195380778809,-1
0,-0.8792873876473829,-1
0,-1.0031808493925578,-1
0,-0.7758091298576995,-1
0,-0.8311775792981704,-1
0,-0.8314516203534323,-1
1,-0.2163251851128455,-1
0,-1.015009487357903,-1
0,-0.9747098906932146,-1
0,-1.0215167743380422,-1
1,-0.7829241113790834,-1
0,-1.0015703080578677,-1
0,-0.8821999900555657,-1
0,-0.8847740626112239,-1
1,-0.26447293042410924,-1
0,-0.9564497678160716,-1
0,-1.0227997802930844,-1
0,-0.8492720197782953,-1
0,-0.9993246945789749,-1
0,-0.7109003936404666,-1
0,-0.6899738199296325,-1
1,-0.36223978256759026,-1
0,-0.9446726187424226,-1
1,0.9821514639632526,1
0,-0.9461606685692899,-1
0,-0.9473408395013069,-1
0,-1.0711382972964087,-1
0,-0.8827060197734714,-1
0,-0.9693539371028908,-1
0,-0.8546858552450252,-1
0,-0.9257494010395344,-1
0,-0.8395029668195986,-1
1,-0.4916871275132453,-1
0,-0.9851053835139622,-1
1,-0.7613962682840946,-1
0,-1.012711251708419,-1
0,-0.7366588674891701,-1
0,-0.9149144451207207,-1
1,0.3680407577041144,1
0,-0.37886164602487,-1
0,-0.8234227399808816,-1
0,-0.9664461817340739,-1
0,-0.9994318139690515,-1
1,-0.17116388621990047,-1
0,-0.9520832198819904,-1
1,0.7911420328755859,1
0,-0.9411600061761789,-1
0,-0.9929181861228489,-1
0,-0.6763241685583735,-1
0,-0.9941545613586098,-1
0,-1.0520202764880542,-1
0,-0.30950105946230966,-1
0,-0.7904403136836993,-1
0,-0.8055408689454859,-1
0,-0.21642177282144892,-1
0,-0.6426702992421472,-1
0,-0.8890234361456402,-1
0,-0.987546692082369,-1
1,-0.5652857806314218,-1
1,-0.7043055527758233,-1
0,-0.97215271146505,-1
0,-0.9900363409914412,-1
0,-0.9621351157569014,-1
0,-1.0247008521388972,-1
0,-0.9797456795124869,-1
0,-1.0378624620010086,-1
0,-0.8303946566353233,-1
1,-0.10502377319478462,-1
0,-0.36875781100462696,-1
0,-0.9905647951874865,-1
0,-1.0547876258746136,-1
0,-1.0390688313728056,-1
0,-0.7199855365237493,-1
0,-0.8449509526360532,-1
0,-0.8828516000701038,-1
0,-0.9789513919271952,-1
0,-1.0707044166650062,-1
0,-0.861820693866739,-1
1,-0.5585455150422569,-1
0,-0.9612318170810051,-1
0,-0.9764852507432168,-1
0,-0.7375672198287999,-1
1,0.02944215089548119,1
1,-0.8117513308768318,-1
0,0.321835444061744,1
0,-0.9124804321466193,-1
0,-0.7330014403568533,-1
0,-0.3846513006364659,-1
0,-1.0175855063977577,-1
0,-0.5172727964708288,-1
0,-1.0431325562103755,-1
0,-0.8904705789562387,-1
0,-0.9616572311373545,-1
0,-0.8568193870571733,-1
0,-0.7711473407118814,-1
0,-0.6139382126831867,-1
0,-0.9554253077856646,-1
0,-1.03693173288853,-1
0,-0.8466057671924956,-1
0,-0.7284732698348058,-1
0,-0.8653662569362401,-1
0,-0.8049224869264066,-1
0,-0.93343279122016,-1
0,-0.7853402577012855,-1
0,-0.9430107545147632,-1
0,-1.0013895515258149,-1
0,-1.0101929894759705,-1
0,-0.4683918378387596,-1
0,-0.9073065589130724,-1
0,-0.7369675213835178,-1
0,-0.9246838717771024,-1
1,1.0122293649945076,1
0,-1.0232176122837822,-1
0,-1.0506268890958546,-1
1,-0.342394283377465,-1
0,-0.5157110065519601,-1
0,-0.4506333827497786,-1
0,-0.976691665382796,-1
0,-0.7669979329680239,-1
0,-0.8274731353418843,-1
0,-0.8458225968954107,-1
0,-0.9942664714340135,-1
0,-0.982429378135546,-1
0,-0.8000281873819107,-1
1,-0.3962491134897853,-1
0,-0.8826181828129785,-1
0,-0.963755199485591,-1
0,-0.9439347909066043,-1
1,-0.7256854038343654,-1
0,-0.9444543035181919,-1
0,-1.1197321522442378,-1
0,-0.3450933250271615,-1
0,-0.3285678007845557,-1
0,-0.8475428760635342,-1
1,0.18968639908483287,1
0,-0.920295604599535,-1
1,1.6513648912032672,1
0,-0.8658283748316258,-1
0,-1.1917160485378897,-1
0,-0.9297912666538457,-1
0,-0.7963208209666455,-1
0,-1.0616082559450457,-1
1,-0.04919272818952114,-1
1,0.3390987534431852,1
0,-0.6337646050073339,-1
0,-0.7465124628230608,-1
0,-0.9749776482168038,-1
0,-0.7923525697163657,-1
0,-0.5047714036938304,-1
0,-0.986225053314127,-1
1,-0.7451510013445362,-1
0,-0.8901840978170964,-1
0,-0.790835044486415,-1
0,-1.0357832826175053,-1
0,-0.9197229521727972,-1
0,-1.0619269156130833,-1
1,-0.962305085369739,-1
0,-1.0001314127273302,-1
1,-0.23177000224428018,-1
0,-0.918014621093038,-1
0,-1.1327630342079043,-1
0,-0.9291264064865998,-1
0,-0.9720075825263013,-1
0,-0.9324139651274057,-1
0,0.10006393047938233,1
0,-0.4775827985074774,-1
0,-0.8835779464144747,-1
0,-0.8294593751046687,-1
0,-1.0094540483874956,-1
1,-0.7291582654768132,-1
0,-0.809256331343635,-1
0,-0.2301263206204956,-1
0,-0.7978461665518601,-1
0,-0.9015237684987327,-1
0,-0.8659846760259347,-1
0,-0.7417141887247001,-1
1,1.8086035011657047,1
0,-0.3573506347172015,-1
0,-1.0859195052358475,-1
1,-0.6643671280380359,-1
0,-0.8789249482065179,-1
0,-0.7902550224060317,-1
1,-0.866356064983746,-1
0,-0.8062093345628141,-1
0,-0.9294781930580454,-1
0,-1.0707635245709002,-1
0,-0.960881927500191,-1
0,-0.8270283938879114,-1
0,-0.24140570136037054,-1
0,-0.8887497567467375,-1
0,-0.8562662385885311,-1
0,-1.029016205030044,-1
0,-1.0087269849294822,-1
1,-0.503601912670178,-1
0,-1.0141170298591216,-1
0,-0.8995401809475883,-1
0,-0.7929067397288982,-1
0,-0.9178964878866058,-1
0,-0.89482792578463,-1
0,-1.0469767724610224,-1
1,1.347064638993007,1
0,-0.8666787631528057,-1
0,-0.8245253234502192,-1
0,-1.0524983732349278,-1
0,-0.8772432131196574,-1
0,-0.8153853339841906,-1
0,-1.066125653007911,-1
0,-0.8207453921189113,-1
0,-0.9371227903185,-1
1,-0.30024568908496324,-1
0,-0.8326081977103154,-1
0,-0.7625904093331859,-1
1,-0.24072862607955692,-1
0,-0.825976185630609,-1
0,-0.7778292687662272,-1
0,-0.5893110557340997,-1
0,-0.9649626414423705,-1
0,-1.0105420849950433,-1
0,-0.9299218907009874,-1
0,0.1734569893596436,1
0,-0.8666975346716738,-1
0,-1.0087968604578719,-1
0,-0.947602077072702,-1
0,-1.0133871864245476,-1
0,-0.7086652100711907,-1
1,-0.452145055941263,-1
0,-0.7472360157166584,-1
0,-0.950577696010575,-1
0,-1.0557336857760755,-1
0,-0.804117871141454,-1
0,-0.8666334222957062,-1
1,-0.7126657621200188,-1
0,-0.8959013767662473,-1
0,-0.9567505382724653,-1
0,-0.9571429893203465,-1
0,0.8201374528988395,1
0,-1.521389601568449,-1
0,-0.45201263582564644,-1
0,-0.918973292478038,-1
0,-0.7507743218767445,-1
0,-0.7555165566817751,-1
0,-0.8647467830674544,-1
0,0.13261039786824091,1
0,-0.9095611909002939,-1
0,-0.8207710004304541,-1
0,0.3615122426097038,1
0,-0.9067921081447124,-1
0,-0.34826459960357387,-1
0,-0.5889770336685592,-1
0,-0.9309576053370084,-1
0,-0.7856166650841125,-1
0,-1.0387557372302925,-1
0,-1.012711251708419,-1
0,-0.7869365807483499,-1
0,-0.8872206347906775,-1
0,-0.7245085545040367,-1
0,-0.751117412323315,-1
0,-0.9333003805162061,-1
0,-0.1842317549826495,-1
0,-0.889756748637784,-1
0,-0.852916306884162,-1
1,0.47689465544972276,1
0,-0.8644469029298878,-1
0,-0.8442797663623588,-1
0,-0.5520761865490358,-1
0,-0.934425158999826,-1
1,1.1188295498392908,1
1,0.5848830977043037,1
0,-0.8396688679107764,-1
0,-0.8972419193364706,-1
0,-0.5097394419163725,-1
0,-0.8864460251995643,-1
0,-0.44045193371028823,-1
0,-0.9434458556549892,-1
0,-0.8365888592164469,-1
0,-0.4172083483044139,-1
0,-0.8161688239941994,-1
0,-0.8001157103987961,-1
0,-0.991068274294038,-1
0,-0.9781013897716525,-1
0,-0.8630041866935885,-1
0,-0.8353903998754786,-1
0,-1.0376526745384314,-1
0,-0.7541701144595458,-1
0,-0.9624901254659549,-1
0,-0.923026038136987,-1
0,-0.8632991891062257,-1
0,-0.8116024953503624,-1
0,-0.942418294591543,-1
0,-0.7099503109560176,-1
0,-0.9720714663965335,-1
0,0.0206871192566892,1
0,-0.6456063019591332,-1
0,0.06264267406091983,1
1,0.2271729870576208,1
0,-0.9508686864253606,-1
1,0.07567566745326537,1
0,-0.8314736689888518,-1
0,-0.9406283681021361,-1
0,-0.6399195238853906,-1
0,-0.7403487496051842,-1
1,-0.07357476550520736,-1
0,-0.9636493970189488,-1
0,-0.7470613118639735,-1
0,-0.8107654896094537,-1
1,-0.7965993604892025,-1
0,-0.5960189266609291,-1
0,-0.8804006508043303,-1
0,-0.9296485706891549,-1
0,-0.8650671277077315,-1
0,-0.8924263204008944,-1
1,-0.34300839422484364,-1
0,-0.9974189299445796,-1
0,-0.8540703073193827,-1
0,-1.0224558666456485,-1
0,-0.8098542286344419,-1
1,-0.9559193458045667,-1
0,-0.8164478961184147,-1
0,-0.9727422278246745,-1
0,-0.8812565738459263,-1
1,-0.5116841830264571,-1
1,-0.7493577781527435,-1
0,-1.0136913652109958,-1
0,-0.7160567461879237,-1
0,0.23031034881479961,1
1,0.17740046270086107,1
0,-0.8542819647645576,-1
0,-0.9615063220436036,-1
0,-0.49332845286448623,-1
0,-1.092305090247172,-1
1,0.2584848687633804,1
0,-0.9264493134019196,-1
0,-1.0681961172991388,-1
1,-0.286745354281298,-1
1,-1.1430263679025385,-1
0,-1.053280145462398,-1
0,-0.8048237254972017,-1
0,-0.778639052985965,-1
0,0.8060266976876428,1
0,-0.7846686653430845,-1
0,-0.9592996982599588,-1
0,-0.9302783004732343,-1
0,-0.8675487625780307,-1
1,0.6893427439955894,1
0,-0.8430802952417972,-1
0,-0.5273408243370843,-1
0,-0.5353003214162706,-1
0,-0.8898128410695862,-1
0,-0.8137706645761562,-1
0,-1.0032040364291968,-1
1,-0.7853301153942714,-1
0,-0.7325891620166832,-1
0,-0.9678246371966097,-1
0,-0.7454260598485074,-1
0,-0.9914542095453391,-1
0,0.1837603268711041,1
0,-0.9907651998128416,-1
0,-0.9147081298279602,-1
0,-0.851982198465095,-1
0,-0.9312845148971352,-1
0,-0.8753297291595287,-1
1,-1.0524675771378198,-1
0,-1.0308547300705084,-1
0,-0.8063882472806794,-1
0,-0.7468713703862888,-1
0,-0.9252572367222256,-1
0,-0.014509481485964981,-1
0,-0.9270800648648183,-1
0,-1.045634776186306,-1
1,1.551939256139892,1
0,-0.6760485336259933,-1
1,0.9441656985389563,1
0,-0.8643128529572329,-1
0,-0.9971063620373988,-1
0,-1.0084550791904834,-1
0,-0.8812519962524628,-1
0,-0.1003076729022675,-1
0,-1.0428825278116,-1
0,-0.8375474884428524,-1
0,-0.7714576472854536,-1
0,-0.8754765020245274,-1
0,0.4192420359367811,1
0,-0.9550977454889609,-1
0,-0.7219277561407097,-1
0,-0.692934325396421,-1
0,-0.8909107003542425,-1
0,-0.31044501611226827,-1
0,-0.9750490772823566,-1
0,-1.166515903769771,-1
0,-0.8041767849818617,-1
0,-0.863745312805446,-1
0,-0.8444411136790821,-1
0,-0.7125577557567254,-1
0,-1.0075116403151956,-1
0,-0.25089770925484456,-1
0,-0.8803760904177381,-1
0,-0.8493192749024318,-1
0,-0.7486854494975334,-1
0,-1.0086940718262944,-1
0,-0.9930436675906468,-1
0,-0.858962631851008,-1
0,-0.7634361649034311,-1
0,-0.987265647244242,-1
0,-0.8313729091425368,-1
0,-1.0034374582857184,-1
0,-0.5520591099260601,-1
0,-0.9222927223356254,-1
1,0.40042786270897157,1
0,-0.9572332599069111,-1
0,-0.8940094370808445,-1
0,-0.9803061320728013,-1
0,-0.8718687903963984,-1
1,-0.3653546472996864,-1
0,-0.9222396126857656,-1
0,-0.846717795300365,-1
0,-1.2782470239220878,-1
1,0.17083380780413193,1
0,-0.7594608432527005,-1
0,-0.9750867729797323,-1
1,0.8904175925942021,1
0,-0.76808506306742,-1
0,-1.0250873309087765,-1
0,-0.8720654780719737,-1
0,-0.837584308623002,-1
0,-0.9488398402968793,-1
0,1.270503819230862,1
0,-0.9774824705152451,-1
0,-1.0183383480280375,-1
0,-0.8917407657052564,-1
0,-0.8598117138660942,-1
1,-0.26077960139563505,-1
0,-0.39747778931872424,-1
1,0.25337192385166174,1
0,-0.8460936550729975,-1
0,-1.0028380932177212,-1
0,-0.9499856732563647,-1
0,-0.9178704417399983,-1
0,-1.0363079513227802,-1
0,-0.8091033011099862,-1
0,-0.9927763123408069,-1
0,-0.9438734818779293,-1
0,-1.103119653886293,-1
0,-0.7106208295751014,-1
1,0.8958340889421675,1
0,-0.8405128491457282,-1
0,-0.7787471643962649,-1
0,-0.9322509231252453,-1
0,-1.000842431862432,-1
0,-1.0125991795274605,-1
0,-0.9321024519700669,-1
0,-0.8772737117617626,-1
0,-0.9508476295375207,-1
0,-0.7674218859215367,-1
0,-0.7826826419564856,-1
1,1.321002074553292,1
0,-0.8066182417780929,-1
0,-0.9344132494702381,-1
0,-0.7135568208806751,-1
1,-0.4819854074132825,-1
1,-0.035959181142482644,-1
0,-1.0265508160098147,-1
0,-0.7655517505202687,-1
0,-0.6260071921583173,-1
1,-0.6907856364435102,-1
1,-0.062186185639821034,-1
1,0.05008871851222518,1
0,-1.0439866122746995,-1
0,-0.2014644230681112,-1
0,-0.970380826775319,-1
0,-0.9897439192247954,-1
0,-0.9577261900928513,-1
0,-0.8258882707387706,-1
1,-0.044786696151772665,-1
0,-1.0238493572553518,-1
1,0.9026039878015354,1
0,-0.648639075304414,-1
0,-0.5069854868635917,-1
0,-0.6444243605455005,-1
0,-0.8946816178950217,-1
0,-0.7565770218980444,-1
0,-1.1288901019303041,-1
0,-0.9106409546009455,-1
0,-0.9814107715475495,-1
1,-0.8532276876545553,-1
0,-0.9846799193757035,-1
0,-0.7855085681413245,-1
0,-1.0524956384886708,-1
0,-0.8064759127302907,-1
0,-0.9669515958390162,-1
0,-0.9057103253771573,-1
0,-0.9660121782221818,-1
0,-0.5406982545435732,-1
0,-0.915602193928585,-1
0,-0.9132047706791315,-1
0,-0.6705664335863982,-1
0,-1.0042136350844348,-1
0,-0.7495353267285093,-1
0,-0.9606811964399178,-1
0,-0.9886609200182725,-1
0,-0.9105495797767396,-1
0,-0.4183680452334152,-1
0,-0.9913927324016316,-1
0,-0.6064898520641494,-1
1,1.2813299158761966,1
0,-1.0657691982513884,-1
0,-0.8930082271306742,-1
0,-0.3781327406072224,-1
0,-0.8359023589412498,-1
0,-0.9024750850110588,-1
0,-1.1064059336599694,-1
0,-0.8915172915810379,-1
0,-0.9507380811970014,-1
0,-0.963193147216704,-1
0,-1.004352286327646,-1
0,-1.1627441006425236,-1
0,-0.8377373181221853,-1
1,0.463959731149458,1
0,-0.9714020527638136,-1
0,-0.8793655069984175,-1
0,-0.90741033627764,-1
0,-0.9936229291580038,-1
0,-0.8778268416930375,-1
0,-0.733722586261141,-1
0,-0.7399312932368265,-1
0,-0.8660125591587584,-1
1,0.8297001038095729,1
0,-0.9917241688584939,-1
1,-0.033743872261421504,-1
0,-0.9508509048481686,-1
0,-0.8576228763826677,-1
0,-1.0379966594621852,-1
0,-0.995364688223665,-1
0,-0.8825523650774731,-1
0,-0.5471824928745646,-1
0,-1.0473711320778833,-1
1,-0.8866123472948558,-1
0,-0.9577413973305589,-1
0,-1.007434788437602,-1
1,-0.28810352688993995,-1
0,-0.7177667150449771,-1
1,0.55881584153976,1
0,-1.034368000937355,-1
0,-0.9064128862250332,-1
0,-0.5865718774521793,-1
0,-0.6062071701352689,-1
0,-0.9403080237661321,-1
0,-0.8610912250572371,-1
0,-0.9522380124925233,-1
1,-0.8295114302358679,-1
0,-0.44928290273953714,-1
0,-0.9324937918327905,-1
0,-1.0215455075959974,-1
0,-1.0210642817402134,-1
0,-0.7844653685730449,-1
0,-1.0069179269105333,-1
0,-0.9862176914764453,-1
0,-0.9622327219911283,-1
0,-1.3261431867660054,-1
0,-1.0100620844631096,-1
0,-0.9128590274134398,-1
0,0.08481975711635792,1
0,-0.9152063495039837,-1
0,-0.8173838132122518,-1
0,-1.0036391348784242,-1
0,-0.997404739907099,-1
0,-0.9121976320245087,-1
0,-0.9380575652748189,-1
0,-0.33512628238990033,-1
0,-0.8928872741239718,-1
0,-0.8824054864908601,-1
0,-0.8181945693354421,-1
0,-0.896633142224471,-1
0,-0.9534473539113805,-1
0,-0.9021837458424022,-1
1,-4.071630953161799,-1
0,-0.8974563036739808,-1
0,-0.9905210050333647,-1
0,-0.9741699777448043,-1
0,-1.0161712149040099,-1
0,-0.539812339619523,-1
0,-0.9784225083001548,-1
0,-0.5701997249199174,-1
